{
  "version": "1.0",
  "pose": {
    "spine": {
      "rotation": [0.25881904510252074, 0, 0, 0.9659258262890683]
    },
    "chest": {
      "rotation": [0.17364817766693033, 0, 0, 0.984807753012208]
    },
    "neck": {
      "rotation": [0.08715574274765817, 0, 0, 0.9961946980917455]
    },
    "head": {
      "rotation": [0.13052619222005157, 0, 0, 0.9914448613738104]
    },
    "leftUpperArm": {
      "rotation": [0, 0, 0.08715574274765817, 0.9961946980917455]
    },
    "rightUpperArm": {
      "rotation": [0, 0, -0.08715574274765817, 0.9961946980917455]
    }
  }
}
