{
  "version": "1.0",
  "pose": {
    "spine": {
      "rotation": [-0.15643446504023087, 0, 0, 0.9876883405951378]
    },
    "chest": {
      "rotation": [-0.10452846326765346, 0, 0, 0.9945218953682733]
    },
    "neck": {
      "rotation": [-0.043619387365336, 0, 0, 0.9990482215818578]
    },
    "head": {
      "rotation": [-0.0697564737441253, 0, 0, 0.9975640502598242]
    }
  }
}
