{
  "version": "1.0",
  "pose": {
    "neck": {
      "rotation": [
        0,
        0,
        -0.10452846326765346,
        0.9945218953682733
      ]
    },
    "head": {
      "rotation": [
        0,
        0,
        -0.15643446504023087,
        0.9876883405951378
      ]
    }
  }
}