{
  "version": "1.0",
  "pose": {
    "rightUpperArm": {
      "rotation": [
        -0.0805,
        -0.0334,
        0.3812,
        0.9204
      ]
    },
    "rightLowerArm": {
      "rotation": [
        0,
        -0.08715574274765817,
        0,
        0.9961946980917455
      ]
    },
    "rightHand": {
      "rotation": [
        -0.043619387365336,
        0,
        0,
        0.9990482215818578
      ]
    },
    "chest": {
      "rotation": [
        0,
        -0.043619387365336,
        0,
        0.9990482215818578
      ]
    },
    "spine": {
      "rotation": [
        0,
        -0.02617694830787315,
        0,
        0.9996573249755573
      ]
    }
  }
}