{
  "version": "1.0",
  "pose": {
    "spine": {
      "rotation": [
        -0.17364817766693033,
        0,
        0,
        0.984807753012208
      ]
    },
    "chest": {
      "rotation": [
        -0.13052619222005157,
        0,
        0,
        0.9914448613738104
      ]
    },
    "head": {
      "rotation": [
        -0.08715574274765817,
        0,
        0,
        0.9961946980917455
      ]
    },
    "leftShoulder": {
      "rotation": [
        -0.0697564737441253,
        0,
        0,
        0.9975640502598242
      ]
    },
    "rightShoulder": {
      "rotation": [
        -0.0697564737441253,
        0,
        0,
        0.9975640502598242
      ]
    }
  }
}