{
  "version": "1.0",
  "pose": {
    "spine": {
      "rotation": [
        0.1908089953765448,
        0,
        0,
        0.981627183447664
      ]
    },
    "chest": {
      "rotation": [
        0.13052619222005157,
        0,
        0,
        0.9914448613738104
      ]
    },
    "neck": {
      "rotation": [
        0.043619387365336,
        0,
        0,
        0.9990482215818578
      ]
    },
    "head": {
      "rotation": [
        0.0697564737441253,
        0,
        0,
        0.9975640502598242
      ]
    }
  }
}