{
  "version": "1.0",
  "pose": {
    "spine": {
      "rotation": [0.10452846326765346, 0, 0, 0.9945218953682733]
    },
    "chest": {
      "rotation": [0.0697564737441253, 0, 0, 0.9975640502598242]
    },
    "head": {
      "rotation": [0.043619387365336, 0, 0, 0.9990482215818578]
    },
    "rightUpperArm": {
      "rotation": [0.0851, 0.0189, 0.2156, 0.9726]
    },
    "rightLowerArm": {
      "rotation": [0, -0.13052619222005157, 0, 0.9914448613738104]
    }
  }
}
