{
  "version": "1.0",
  "pose": {
    "spine": {
      "rotation": [
        0.15643446504023087,
        0,
        0,
        0.9876883405951378
      ]
    },
    "chest": {
      "rotation": [
        0.10452846326765346,
        0,
        0,
        0.9945218953682733
      ]
    },
    "head": {
      "rotation": [
        0.0697564737441253,
        0,
        0,
        0.9975640502598242
      ]
    },
    "rightUpperArm": {
      "rotation": [
        0.1245,
        0.0392,
        0.2981,
        0.9456
      ]
    },
    "rightLowerArm": {
      "rotation": [
        0,
        -0.17364817766693033,
        0,
        0.984807753012208
      ]
    },
    "rightHand": {
      "rotation": [
        0.17364817766693033,
        0,
        0,
        0.984807753012208
      ]
    }
  }
}