{
  "version": "1.0",
  "pose": {
    "spine": {
      "rotation": [0.08715574274765817, 0, 0, 0.9961946980917455]
    },
    "chest": {
      "rotation": [0.0697564737441253, 0, 0, 0.9975640502598242]
    },
    "leftUpperArm": {
      "rotation": [0.0858, -0.0151, -0.173, 0.9811]
    },
    "rightUpperArm": {
      "rotation": [0.0858, 0.0151, 0.173, 0.9811]
    },
    "leftLowerArm": {
      "rotation": [0, 0.25881904510252074, 0, 0.9659258262890683]
    },
    "rightLowerArm": {
      "rotation": [0, -0.25881904510252074, 0, 0.9659258262890683]
    },
    "leftHand": {
      "rotation": [-0.13052619222005157, 0, 0, 0.9914448613738104]
    },
    "rightHand": {
      "rotation": [-0.13052619222005157, 0, 0, 0.9914448613738104]
    }
  }
}
