{
  "version": "1.0",
  "pose": {
    "spine": {
      "rotation": [
        0.13052619222005157,
        0,
        0,
        0.9914448613738104
      ]
    },
    "chest": {
      "rotation": [
        0.08715574274765817,
        0,
        0,
        0.9961946980917455
      ]
    },
    "head": {
      "rotation": [
        0.043619387365336,
        0,
        0,
        0.9990482215818578
      ]
    }
  }
}