{
  "version": "1.0",
  "pose": {
    "leftUpperArm": {
      "rotation": [
        -0.1504,
        0.0868,
        -0.4924,
        0.8529
      ]
    },
    "rightUpperArm": {
      "rotation": [
        -0.1504,
        -0.0868,
        0.4924,
        0.8529
      ]
    },
    "leftLowerArm": {
      "rotation": [
        0,
        0.42261826174069944,
        0,
        0.9063077870366499
      ]
    },
    "rightLowerArm": {
      "rotation": [
        0,
        -0.42261826174069944,
        0,
        0.9063077870366499
      ]
    },
    "head": {
      "rotation": [
        0.043619387365336,
        0,
        0,
        0.9990482215818578
      ]
    },
    "chest": {
      "rotation": [
        0.0697564737441253,
        0,
        0,
        0.9975640502598242
      ]
    }
  }
}